,0
0,atom_index_00
1,atom_index_01
2,atom_index_02
3,atom_index_03
4,atom_index_04
5,atom_index_05
6,atom_index_06
7,atom_index_07
8,atom_index_08
9,atom_index_09
10,atom_index_010
11,atom_index_011
12,atom_index_012
13,atom_index_013
14,atom_index_014
15,atom_index_015
16,atom_index_016
17,atom_index_017
18,atom_index_018
19,atom_index_019
20,atom_index_020
21,atom_index_021
22,atom_index_022
23,atom_index_023
24,atom_index_024
25,atom_index_025
26,atom_index_026
27,atom_index_027
28,atom_index_028
29,atom_index_10
30,atom_index_11
31,atom_index_12
32,atom_index_13
33,atom_index_14
34,atom_index_15
35,atom_index_16
36,atom_index_17
37,atom_index_18
38,atom_index_19
39,atom_index_110
40,atom_index_111
41,atom_index_112
42,atom_index_113
43,atom_index_114
44,atom_index_115
45,atom_index_116
46,atom_index_117
47,atom_index_118
48,atom_index_119
49,atom_index_120
50,atom_index_121
51,atom_index_122
52,atom_index_123
53,atom_index_124
54,atom_index_125
55,atom_index_126
56,atom_index_127
57,atom_index_128
58,1JHC
59,1JHN
60,2JHC
61,2JHH
62,2JHN
63,3JHC
64,3JHH
65,3JHN
